"url","title","description","test_type"
"https://www.shl.com/products/product-catalog/view/css3-new/","CSS3 (New)","CSS3 (New): Multi-choice test that measures the knowledge of CSS3 and its application in providing style to web documents.","K"
"https://www.shl.com/products/product-catalog/view/ruby-on-rails-new/","Ruby on Rails (New)","Ruby on Rails (New): Multi-choice test that measures the knowledge of Ruby Programming, Rails installation, Rails MVC and Rails programming model.","K"
"https://www.shl.com/products/product-catalog/view/telecommunications-engineering-new/","Telecommunications Engineering (New)","Telecommunications Engineering (New): Multi-choice test that measures the knowledge of analog communication, digital communication, electromagnetism and microwave engineering.","K"
"https://www.shl.com/products/product-catalog/view/node-js-new/","Node.js (New)","Node.js (New): Multi-choice test that measures the basic knowledge of Node.js such as events, streams, file system, error handling, concurrency, DB handling and express…","K"
"https://www.shl.com/products/product-catalog/view/mining-engineering-new/","Mining Engineering (New)","Mining Engineering (New): Multi-choice test that measures the knowledge of mining methods, mineral processing, mining machinery, mineralogy, petrology and stratigraphy.","K"
"https://www.shl.com/products/product-catalog/view/mongodb-new/","MongoDB (New)","MongoDB (New): Multi-choice test that measures the conceptual knowledge of MongoDB like sharding, replication, indexing, security and storage. It also checks the knowledge of…","K"
"https://www.shl.com/products/product-catalog/view/micro-focus-unified-functional-testing-new/","Micro Focus Unified Functional Testing (New)","Micro Focus Unified Functional Testing (New): Multi-choice test that measures the knowledge of automation testing using the QTP tool.","K"
"https://www.shl.com/products/product-catalog/view/industrial-engineering-new/","Industrial Engineering (New)","Industrial Engineering (New): Multi-choice test that measures the conceptual knowledge of design, quality control, reliability, management and costing of manufacturing systems.","A,C,K"
"https://www.shl.com/products/product-catalog/view/jenkins-new/","Jenkins (New)","Jenkins (New): Multi-choice test that measures the knowledge of Jenkins configuration and deployment, plugins, nodes, build jobs and testing.","K"
"https://www.shl.com/products/product-catalog/view/core-java-advanced-level-new/","Core Java (Advanced Level) (New)","Core Java (Advanced Level) (New): Multi-choice test that measures the knowledge of basic Java constructs, OOP concepts, files and exception handling, and advanced Java concepts like generics…","K"
"https://www.shl.com/products/product-catalog/view/sap-hcm-human-capital-management-new/","SAP HCM (Human Capital Management) (New)","SAP HCM (Human Capital Management) (New): Multi-choice test that measures the knowledge of SAP HR/ HCM structure, personnel administration, SAP HCM tasks, SAP HCM SuccessFactors solutions.","C,K"
"https://www.shl.com/products/product-catalog/view/itil-it-infrastructure-library-new/","ITIL (IT Infrastructure Library) (New)","ITIL (IT Infrastructure Library) (New): Multi-choice test that measures the knowledge of capacity management, change management and problem management.","C,K"
"https://www.shl.com/products/product-catalog/view/accounts-receivable-new/","Accounts Receivable (New)","Accounts Receivable (New): Multiple-choice test that measures the knowledge of processing receivables and invoices.","K"
"https://www.shl.com/products/product-catalog/view/oracle-dba-advanced-level-new/","Oracle DBA (Advanced Level) (New)","Oracle DBA (Advanced Level) (New): Multi-choice test that measures the knowledge of Oracle DB architecture, backup and recovery, MySQL administration and advanced topics such as network…","K"
"https://www.shl.com/products/product-catalog/view/sql-new/","SQL (New)","SQL (New): Multi-choice test that measures the knowledge of SQL queries, data manipulation and transaction processing.","K"
"https://www.shl.com/products/product-catalog/view/workplace-health-and-safety-new/","Workplace Health and Safety (New)","Workplace Health and Safety (New): Multi-choice test that measures the knowledge of first aid, emergency safety measures, cleanliness and personal hygiene.","K"
"https://www.shl.com/products/product-catalog/view/verify-deductive-reasoning/","Verify - Deductive Reasoning","Verify - Deductive Reasoning: The Verify Deductive Reasoning Test is an online ability assessment that can be used to support both pre- and post-hire assessment processes. It enables…","A"
"https://www.shl.com/products/product-catalog/view/load-runner-new/","Load Runner (New)","Load Runner (New): Multi-choice test that measures the knowledge on the concepts of Load Runner architecture & installation, virtual user generator (VUGEN), controller…","K"
"https://www.shl.com/products/product-catalog/view/angular-6-new/","Angular 6 (New)","Angular 6 (New): Multi-choice test that measures the knowledge of the basic components and modules of Angular 6 and concepts like data binding, dependency injection, CRUD with…","K"
"https://www.shl.com/products/product-catalog/view/culinary-skills-new/","Culinary Skills (New)","Culinary Skills (New): Multi-choice test that measures the knowledge of cooking principles, cooking equipment, meal preparation and presentation, and kitchen safety.","K"
"https://www.shl.com/products/product-catalog/view/verify-working-with-information/","Verify - Working with Information","Verify - Working with Information: This test measures a candidate's ability to process information. Candidates are given information in different table formats and are asked to use the…","A"
"https://www.shl.com/products/product-catalog/view/interviewing-and-hiring-concepts-u-s/","Interviewing and Hiring Concepts (U.S.)","Interviewing and Hiring Concepts (U.S.): The Interviewing and Hiring Concepts (U.S.) test measures knowledge of the interviewing  and hiring process. Designed for all employees and hiring managers…","B,K"
"https://www.shl.com/products/product-catalog/view/microservices-new/","Microservices (New)","Microservices (New): Multi-choice test that measures the knowledge of Microservices architecture, SOA, and Microservices patterns.","K"
"https://www.shl.com/products/product-catalog/view/desktop-support-new/","Desktop Support (New)","Desktop Support (New): Multi-choice test that measures the knowledge of networking, peripheral components, operating systems, troubleshooting and providing technical support.","K"
"https://www.shl.com/products/product-catalog/view/microsoft-excel-365-essentials-new/","Microsoft Excel 365 - Essentials (New)","Microsoft Excel 365 - Essentials (New): The Microsoft Excel 365 - Essentials simulation evaluates ability to perform certain operations in a simulated environment of MS Excel, and includes the…","A"
"https://www.shl.com/products/product-catalog/view/informatica-developer-new/","Informatica (Developer) (New)","Informatica (Developer) (New): Multi-choice test that measures the knowledge of data warehousing, server architecture and administration, and real time implementation with Informatica.","K"
"https://www.shl.com/products/product-catalog/view/occupational-personality-questionnaire-opq32r/","Occupational Personality Questionnaire OPQ32r","Occupational Personality Questionnaire OPQ32r: The SHL Occupational Personality Questionnaire, the OPQ32, is one of the most widely used and respected measures of workplace behavioural style in the world…","P"
"https://www.shl.com/products/product-catalog/view/marketing-new/","Marketing (New)","Marketing (New): Multi-choice test that measures the conceptual knowledge of marketing principles, market research, consumer behavior, brand management, sales management…","C,K,P"
"https://www.shl.com/products/product-catalog/view/job-control-language-new/","Job Control Language (New)","Job Control Language (New): Multi-choice test that measures the knowledge of JCL libraries, parameters, statements, datasets, generation of data groups and conditional processing.","K"
"https://www.shl.com/products/product-catalog/view/mechanical-engineering-new/","Mechanical Engineering (New)","Mechanical Engineering (New): Multi-choice test that measures the conceptual knowledge of fluid and machine mechanics, thermodynamics, IC engines and manufacturing science.","A,K"
"https://www.shl.com/products/product-catalog/view/siebel-development-new/","Siebel Development (New)","Siebel Development (New): Multi-choice test that measures the knowledge of Siebel basics, architecture server administration, access control, Siebel client and web applications, Siebel…","D,K"
"https://www.shl.com/products/product-catalog/view/econometrics-new/","Econometrics (New)","Econometrics (New): Multi-choice test that measures the knowledge of statistical concepts, exploratory analysis and statistical testing required to analyze economic data.","K"
"https://www.shl.com/products/product-catalog/view/struts-new/","Struts (New)","Struts (New): Multi-choice test that measures the knowledge of Struts framework, configuration, validations, actions and interceptors.","K"
"https://www.shl.com/products/product-catalog/view/writex-email-writing-customer-service-new/","WriteX - Email Writing (Customer Service) (New)","WriteX - Email Writing (Customer Service) (New): Open response test that evaluates the ability to write proper emails in English. The test provides scores on content, grammar and email etiquette.     Your use…","A"
"https://www.shl.com/products/product-catalog/view/cyber-risk-new/","Cyber Risk (New)","Cyber Risk (New): Multi-choice test that measures the knowledge of cyber risk management, system and application security, network security and security management.","C,K"
"https://www.shl.com/products/product-catalog/view/svar-spoken-english-indian-accent-new/","SVAR - Spoken English (Indian Accent)  (New)","SVAR - Spoken English (Indian Accent)  (New): An automated spoken English test that measures fluency, pronunciation, active listening, vocabulary, grammar and spoken English understanding.     Your use of…","K"
"https://www.shl.com/products/product-catalog/view/sonarqube-new/","SonarQube (New)","SonarQube (New): Multi-choice test that measures the knowledge of SonarQube, integration tests, Sonar symbols, wildcards, quality cover and Sonar architecture.","K"
"https://www.shl.com/products/product-catalog/view/svar-spoken-english-aus/","SVAR - Spoken English (AUS)","SVAR - Spoken English (AUS): An automated spoken English test that measures fluency, pronunciation, active listening, vocabulary, grammar and spoken English understanding.     Your use of…","K"
"https://www.shl.com/products/product-catalog/view/medical-terminology-new/","Medical Terminology (New)","Medical Terminology (New): Multi-choice test that measures the knowledge of different medical terms and abbreviations related to the human body, diseases and diagnosis.","K"
"https://www.shl.com/products/product-catalog/view/verify-interactive-g-report/","Verify Interactive G+ Report","Verify Interactive G+ Report: Report for Verify Interactive G+","A"
"https://www.shl.com/products/product-catalog/view/opq-leadership-report/","OPQ Leadership Report","OPQ Leadership Report: This OPQ (Occupational Personality Questionnaire) report provides a detailed analysis of an individual's leadership potential.  It is based on SHL's leading…","C,P"
"https://www.shl.com/products/product-catalog/view/automata-fix-new/","Automata - Fix (New)","Automata - Fix (New): A simulated compiler integrated test to measure debugging skills in C, C++ and Java. The test checks the ability to fix logical or syntactical errors and to…","K"
"https://www.shl.com/products/product-catalog/view/shl-verify-interactive-inductive-reasoning/","SHL Verify Interactive - Inductive Reasoning","SHL Verify Interactive - Inductive Reasoning: Evaluates ability to identify specific patterns in data or situations and generalize that information to broader contexts.","A"
"https://www.shl.com/products/product-catalog/view/shl-verify-interactive-g/","SHL Verify Interactive G+","SHL Verify Interactive G+: SHL Verify Interactive G+ (SVIG+) is a test of general cognitive ability that also generates accurate assessments of three specific abilities: Deductive…","A"
"https://www.shl.com/products/product-catalog/view/ibm-datastage-new/","IBM DataStage (New)","IBM DataStage (New): Multi-choice test that measures the knowledge on the concepts of Data Warehouse fundamentals, DataStage fundamentals, DataStage stages and, DataStage Designer…","K"
"https://www.shl.com/products/product-catalog/view/computer-science-new/","Computer Science (New)","Computer Science (New): Multi-choice test that measures the knowledge of operating system, computer architecture, DBMS and basics of computer networks and communication.","K"
"https://www.shl.com/products/product-catalog/view/pega-development-new/","Pega Development (New)","Pega Development (New): Multi-choice test that measures the knowledge of Pega architecture, user interface, rule and user management, case management, integration with external…","C,D,K"
"https://www.shl.com/products/product-catalog/view/pharmaceutical-chemistry-new/","Pharmaceutical Chemistry (New)","Pharmaceutical Chemistry (New): Multi-choice test that measures the knowledge of physical chemistry, organic chemistry, inorganic chemistry, biochemistry and medicinal chemistry.","K"
"https://www.shl.com/products/product-catalog/view/opq-candidate-plus-report/","OPQ Candidate Plus Report","OPQ Candidate Plus Report: A brief narrative OPQ (Occupational Personality Questionnaire) report designed to be given to the individual who completed the OPQ.","P"
"https://www.shl.com/products/product-catalog/view/uipath-rpa-development-new/","UiPath RPA Development (New)","UiPath RPA Development (New): Multi-choice test that measures the knowledge on UiPath architecture, workflows recording, UI interaction, automation, and orchestrator.","D,K"
"https://www.shl.com/products/product-catalog/view/selenium-new/","Selenium (New)","Selenium (New): Multi-choice test that measures the knowledge of Selenium IDE, Selenium RC, Selenium grid, web driver, test design considerations, user extensions, frameworks…","K"
"https://www.shl.com/products/product-catalog/view/biotech-lab-techniques-new/","Biotech Lab Techniques (New)","Biotech Lab Techniques (New): Multi-choice test that measures the knowledge of biophysical techniques, bio-processing and separation techniques like chromatography and electrophoresis.","K"
"https://www.shl.com/products/product-catalog/view/front-office-management-new/","Front Office Management (New)","Front Office Management (New): Multi-choice test that measures the knowledge of front office operations.","C,K"
"https://www.shl.com/products/product-catalog/view/workplace-administration-skills-new/","Workplace Administration Skills (New)","Workplace Administration Skills (New): Multi-choice test that measures the ability to organize one's workplace, properly maintain data, perform simple tasks on the computer and resolve…","A,K"
"https://www.shl.com/products/product-catalog/view/instrumentation-engineering-new/","Instrumentation Engineering (New)","Instrumentation Engineering (New): Multi-choice test that measures the conceptual knowledge of instrumentation, electronics, signals and communication systems.","K"
"https://www.shl.com/products/product-catalog/view/apache-pig-new/","Apache Pig (New)","Apache Pig (New): Multi-choice test that measures the knowledge of Pig architecture, built-in operators, built-in functions and commands in PigLatin.","K"
"https://www.shl.com/products/product-catalog/view/apache-hadoop-extensions-new/","Apache Hadoop Extensions (New)","Apache Hadoop Extensions (New): Multi-choice test that measures the conceptual knowledge of Pig, Hive and HBase.","K"
"https://www.shl.com/products/product-catalog/view/petroleum-engineering-new/","Petroleum Engineering (New)","Petroleum Engineering (New): Multi-choice test that measures the knowledge of petroleum engineering, drilling and production operations and offshore petroleum production.","K"
"https://www.shl.com/products/product-catalog/view/verify-verbal-ability-next-generation/","Verify - Verbal Ability - Next Generation","Verify - Verbal Ability - Next Generation: The Verbal Ability test measures the ability to read written passages and comprehend the text, interpret tone and author intent, identify main ideas, and…","A"
"https://www.shl.com/products/product-catalog/view/python-new/","Python (New)","Python (New): Multi-choice test that measures the knowledge of Python programming, databases, modules and library.","K"
"https://www.shl.com/products/product-catalog/view/tableau-new/","Tableau (New)","Tableau (New): Multi-choice test that measures the knowledge of how to use Tableau to prepare tables, create visualizations, perform calculations, apply filters and carry out…","K"
"https://www.shl.com/products/product-catalog/view/retail-sales-and-service-simulation/","Retail Sales and Service Simulation","Retail Sales and Service Simulation: The Retail Sales and Service Simulation measures the ability of a candidate to choose effective sales and service techniques while interacting with customers…","A"
"https://www.shl.com/products/product-catalog/view/writex-email-writing-managerial-new/","WriteX - Email Writing (Managerial) (New)","WriteX - Email Writing (Managerial) (New): Open response test that evaluates the ability to write proper emails in English. The test provides scores on content, grammar and email etiquette.     Your use…","A"
"https://www.shl.com/products/product-catalog/view/petrochemical-engineering-new/","Petrochemical Engineering (New)","Petrochemical Engineering (New): Multi-choice test that measures the knowledge of fluid and thermal principles of petrochemical engineering, chemical processes, petroleum composition and…","K"
"https://www.shl.com/products/product-catalog/view/fundamentals-of-chemistry-new/","Fundamentals of Chemistry (New)","Fundamentals of Chemistry (New): Multi-choice test that measures the knowledge of physical chemistry, inorganic chemistry and organic chemistry.","K"
"https://www.shl.com/products/product-catalog/view/training-development/","Training Development","Training Development: The Training Development test measures knowledge of developing and delivering training programs. Designed for experienced trainers, this test covers the…","D,K"
"https://www.shl.com/products/product-catalog/view/pharmaceutical-analysis-new/","Pharmaceutical Analysis (New)","Pharmaceutical Analysis (New): Multi-choice test that measures the knowledge of laboratory analytical techniques such as chromatography, titration, spectroscopy, and spectrophotometry.","K"
"https://www.shl.com/products/product-catalog/view/microsoft-dynamics-development-new/","Microsoft Dynamics Development (New)","Microsoft Dynamics Development (New): Multi-choice test that measures the knowledge of Microsoft Dynamics installation, sales process, service management, administration, configuration, entity…","C,D,K"
"https://www.shl.com/products/product-catalog/view/accounts-payable-simulation-new/","Accounts Payable Simulation (New)","Accounts Payable Simulation (New): Simulated data entry test that measures the ability to process payables and vendor invoices.","A"
"https://www.shl.com/products/product-catalog/view/adobe-experience-manager-new/","Adobe Experience Manager (New)","Adobe Experience Manager (New): Multi-choice test that measures the knowledge of AEM components, templates, workflows, AEM collections, OSGi services and troubleshooting of AEM projects.","K"
"https://www.shl.com/products/product-catalog/view/linux-administration-new/","Linux Administration (New)","Linux Administration (New): Multi-choice test that measures knowledge of the Linux operating system and its application in system administration and network administration.","K"
"https://www.shl.com/products/product-catalog/view/etl-testing-new/","ETL Testing (New)","ETL Testing (New): Multi-choice test that measures the knowledge of ETL architecture, data warehousing, dimensions, DBMS concepts like data manipulation, constraints, ETL testing…","K"
"https://www.shl.com/products/product-catalog/view/c-programming-new-4039/","C# Programming (New)","C# Programming (New): Multi-choice test that measures the knowledge of C# programming structure, functions, collections, enumeration, exception handling, OOPs constructs…","K"
"https://www.shl.com/products/product-catalog/view/apache-kafka-new/","Apache Kafka (New)","Apache Kafka (New): Multi-choice test that measures the knowledge of Apache Kafka architecture, components, clusters, performance tuning and advanced operations.","K"
"https://www.shl.com/products/product-catalog/view/opq-team-types-and-leadership-styles-report/","OPQ Team Types and Leadership Styles Report","OPQ Team Types and Leadership Styles Report: This OPQ (Occupational Personality Questionnaire) report is based on Belbin's team types and Bass's leadership and reporting styles.  Belbins team types…","C,P"
"https://www.shl.com/products/product-catalog/view/sap-bw-business-warehouse-new/","SAP BW (Business Warehouse) (New)","SAP BW (Business Warehouse) (New): Multi-choice test that measures the knowledge of SAP architecture, meta data, data modelling, extraction, loading, scheduling, data reporting, performance…","K"
"https://www.shl.com/products/product-catalog/view/ibm-sterling-order-management-system-new/","IBM Sterling Order Management System (New)","IBM Sterling Order Management System (New): Multi-choice test that measures the knowledge of the basic concepts of Sterling Order Management System installation, modeling, extensibility, inventory…","C,K"
"https://www.shl.com/products/product-catalog/view/sap-abap-intermediate-level-new/","SAP ABAP (Intermediate Level) (New)","SAP ABAP (Intermediate Level) (New): Multi-choice test that measures the knowledge of SAP ABAP dictionary, elements, operations, architecture, ABAP data types, ABAP reporting, batch data…","K"
"https://www.shl.com/products/product-catalog/view/visual-basic-for-applications-new/","Visual Basic for Applications (New)","Visual Basic for Applications (New): Multi-choice test that measures the knowledge of VBA programming constructs, forms, controls and VBA security.","K"
"https://www.shl.com/products/product-catalog/view/motivation-questionnaire-mqm5/","Motivation Questionnaire MQM5","Motivation Questionnaire MQM5: By understanding what motivates their staff, managers can unlock each individual’s full potential and direct their energies more constructively. This…","P"
"https://www.shl.com/products/product-catalog/view/food-science-new/","Food Science (New)","Food Science (New): Multi-choice test that measures the knowledge of food chemistry, nutrition, food microbiology, food engineering and food product technology.","K"
"https://www.shl.com/products/product-catalog/view/english-comprehension-new/","English Comprehension (New)","English Comprehension (New): Multiple-choice test that measures vocabulary, grammar and reading comprehension skills.","K"
"https://www.shl.com/products/product-catalog/view/teradata-development-new/","Teradata Development (New)","Teradata Development (New): Multi-choice test that measures the knowledge on Teradata concepts of RDBMS components, performance availability features, utilities, workload management…","A,C,D,K"
"https://www.shl.com/products/product-catalog/view/swing-new/","Swing (New)","Swing (New): Multi-choice test that measures the knowledge of components, containers, layouts and event handling in Swing.","K"
"https://www.shl.com/products/product-catalog/view/verify-following-instructions/","Verify - Following Instructions","Verify - Following Instructions: This test measures a candidate's ability to follow detailed instructions and then select the correct course of action. Candidates are presented with a set of…","A"
"https://www.shl.com/products/product-catalog/view/r-programming-new/","R Programming (New)","R Programming (New): Multi-choice test that measures the knowledge of R programming and its application in statistics.","K"
"https://www.shl.com/products/product-catalog/view/opq-mq-sales-report/","OPQ MQ Sales Report","OPQ MQ Sales Report: This OPQ (Occupational Personality Questionnaire) report provides a graphical and narrative summary of an individual's natural style that is critical to sales…","P"
"https://www.shl.com/products/product-catalog/view/human-resources-new/","Human Resources (New)","Human Resources (New): Multi-choice test that measures the candidate on his/her knowledge and understanding of the basic concepts of Human Resources Management like planning…","C,K"
"https://www.shl.com/products/product-catalog/view/search-engine-optimization-new/","Search Engine Optimization (New)","Search Engine Optimization (New): Multi-choice test that measures the knowledge on the concepts of need of SEO, SEO planning, SEO strategies, SEO software, tools and exchanging links.","K"
"https://www.shl.com/products/product-catalog/view/apache-hbase-new/","Apache HBase (New)","Apache HBase (New): Multi-choice test that measures the knowledge of HBase concepts such as CAP theorem, ACID properties, HBase client API, MapReduce integration, configuration…","K"
"https://www.shl.com/products/product-catalog/view/data-warehousing-concepts/","Data Warehousing Concepts","Data Warehousing Concepts: The Data Warehousing Concepts test measures knowledge of Data Warehousing. Designed for experienced users, this test covers the following topics: Big Data and…","K"
"https://www.shl.com/products/product-catalog/view/sap-materials-management-new/","SAP Materials Management (New)","SAP Materials Management (New): Multi-choice test that measures the knowledge of SAP materials management, organization units integration, purchasing, pricing, release procedure, contracts…","C,K"
"https://www.shl.com/products/product-catalog/view/net-mvvm-new/",".NET MVVM (New)",".NET MVVM (New): Multi-choice test that measures the knowledge of MVVM pattern, scenarios, data validation, ViewModel communication and Quick-start.","K"
"https://www.shl.com/products/product-catalog/view/business-communication-adaptive/","Business Communication (adaptive)","Business Communication (adaptive): This is an adaptive test that measures knowledge of communicating in the workplace. It measures the skills necessary to communicate effectively with coworkers…","K"
"https://www.shl.com/products/product-catalog/view/pharmaceutical-science-new/","Pharmaceutical Science (New)","Pharmaceutical Science (New): Multi-choice test that measures the knowledge of drug manufacture, drug delivery, drug action, and pharmaceutical analysis techniques.","K"
"https://www.shl.com/products/product-catalog/view/svar-spoken-french-european-new/","SVAR - Spoken French (European) (New)","SVAR - Spoken French (European) (New): Test automatisé de français parlé qui évalue l'aisance, la prononciation, l'écoute active, le vocabulaire, la grammaire, et la compréhension du français parl…","K"
"https://www.shl.com/products/product-catalog/view/microsoft-windows-server-2012-administration/","Microsoft Windows Server 2012 Administration","Microsoft Windows Server 2012 Administration: The Microsoft Windows Server 2012 Administration test measures knowledge of Windows Server Administration. Designed for experienced Network Administrators…","K"
"https://www.shl.com/products/product-catalog/view/electronics-and-telecommunications-engineering-new/","Electronics & Telecommunications Engineering (New)","Electronics & Telecommunications Engineering (New): Multi-choice test that measures the candidate’s knowledge and understanding on semiconductors and semiconductor devices, analog and digital electronics…","K"
"https://www.shl.com/products/product-catalog/view/civil-engineering-new/","Civil Engineering (New)","Civil Engineering (New): Multi-choice test that measures the knowledge of structural engineering, transportation engineering, surveying, geotechnical engineering and water resources…","E,K"
"https://www.shl.com/products/product-catalog/view/digital-advertising-new/","Digital Advertising (New)","Digital Advertising (New): Multi-choice test that measures the candidate's knowledge about use of AdWords and tools to analyze ad performance on digital media.","K"
"https://www.shl.com/products/product-catalog/view/automata-new/","Automata (New)","Automata (New): An AI-powered coding simulation assessment that evaluates candidate’s programming ability. Offers a familiar IDE environment available in over 40 different…","K"
"https://www.shl.com/products/product-catalog/view/automata-selenium/","Automata Selenium","Automata Selenium: A coding simulation assessment that evaluates the ability to conduct tasks related to automation testing using Selenium scripts.","A,K"
"https://www.shl.com/products/product-catalog/view/financial-accounting-new/","Financial Accounting (New)","Financial Accounting (New): Multi-choice test that measures the ability to post journal entries, classify items into assets and liabilities, analyze financial statements and calculate…","A,K"
"https://www.shl.com/products/product-catalog/view/pharmacology-new/","Pharmacology (New)","Pharmacology (New): Multi-choice test that measures the knowledge of pharmacological drugs classification, chemotherapy, inflammatory disorders, drug action on nervous system…","K"
"https://www.shl.com/products/product-catalog/view/ms-powerpoint-new/","MS PowerPoint (New)","MS PowerPoint (New): Multi-choice test that measures the knowledge of MS PowerPoint toolbars, slide layouts, animation, slideshow, slide designs and formats.","K"
"https://www.shl.com/products/product-catalog/view/automata-data-science-new/","Automata Data Science (New)","Automata Data Science (New): A simulated test that measures the ability to analyze and modify data using machine learning algorithms to obtain desirable results.","A"
"https://www.shl.com/products/product-catalog/view/automata-data-science-pro-new/","Automata Data Science Pro (New)","Automata Data Science Pro (New): A simulated test that measures the ability to analyze and modify data using machine learning algorithms to obtain desirable results.","A"
"https://www.shl.com/products/product-catalog/view/vlsi-and-embedded-systems-new/","VLSI and Embedded Systems (New)","VLSI and Embedded Systems (New): Multi-choice test that measures the knowledge of VLSI and embedded systems basics.","K"
"https://www.shl.com/products/product-catalog/view/opq-manager-plus-report/","OPQ Manager Plus Report","OPQ Manager Plus Report: This concise OPQ (Occupational Personality Questionnaire) report is designed for use with and by managers.  It uses clear succinct bullets and tables for ease…","P"
"https://www.shl.com/products/product-catalog/view/reactjs-new/","ReactJS (New)","ReactJS (New): Multi-choice test that measures the technical knowledge of React APIs, render function, JSX, form validation and styling.","K"
"https://www.shl.com/products/product-catalog/view/linux-programming-general/","Linux Programming (General)","Linux Programming (General): The Linux Programming (General) test measures knowledge of programming in a Linux environment. Designed for experienced programmers, this test covers the…","K"
"https://www.shl.com/products/product-catalog/view/cobol-programming-new/","COBOL Programming (New)","COBOL Programming (New): Multi-choice test that measures the knowledge of COBOL programming fundamentals, programming structure and different types of application processing.","K"
"https://www.shl.com/products/product-catalog/view/opq-premium-plus-report/","OPQ Premium Plus Report","OPQ Premium Plus Report: This OPQ (Occupational Personality Questionnaire) report contains a selection of reports including OPQ profile, user report, manager plus report, candidate…","P"
"https://www.shl.com/products/product-catalog/view/svar-spoken-spanish-castilian-new/","SVAR - Spoken Spanish (Castilian) (New)","SVAR - Spoken Spanish (Castilian) (New): Test automatizado de español oral que mide la fluidez, la pronunciación, la escucha activa, el vocabulario, la gramática y la comprensión oral del español…","K"
"https://www.shl.com/products/product-catalog/view/jquery-new/","jQuery (New)","jQuery (New): Multi-choice test that measures the knowledge of jQuery events and effects, jQuery animation, UI, references, and using jQuery with AJAX.","K"
"https://www.shl.com/products/product-catalog/view/basic-biology-new/","Basic Biology (New)","Basic Biology (New): Multi choice test that measures the candidate's basic understanding of Biology.","K"
"https://www.shl.com/products/product-catalog/view/production-and-industrial-engineering-new/","Production and Industrial Engineering (New)","Production and Industrial Engineering (New): Multi-choice test that measures the knowledge of production technology, quality management, and design and planning of manufacturing systems.","C,K"
"https://www.shl.com/products/product-catalog/view/net-mvc-new/",".NET MVC (New)",".NET MVC (New): Multi-choice test that measures the knowledge of Model-View-Controller (MVC) architecture, validation, security, routing, and areas.","K"
"https://www.shl.com/products/product-catalog/view/written-english-v1/","Written English v1","Written English v1: The Written English test measures knowledge of US English grammar and English reading comprehension. It is designed for those with English as a second language…","K"
"https://www.shl.com/products/product-catalog/view/php-new/","PHP (New)","PHP (New): Multi-choice test that measures the knowledge of OOPs & programming constructs, web & database handling and advanced PHP.","K"
"https://www.shl.com/products/product-catalog/view/statistical-analysis-system-new/","Statistical Analysis System (New)","Statistical Analysis System (New): Multi-choice test that measures the ability to use the SAS software for statistical analysis.","K"
"https://www.shl.com/products/product-catalog/view/general-diseases-new/","General Diseases (New)","General Diseases (New): Multi-choice test that measures the knowledge of common diseases of ear, nose, throat and teeth, their symptoms, drugs used to treat them and various drugs…","K"
"https://www.shl.com/products/product-catalog/view/power-system-engineering-new/","Power System Engineering (New)","Power System Engineering (New): Multi-choice test that measures the knowledge of power generation and transmission, electrical machines, power systems and drives, control and instrumentation…","K"
"https://www.shl.com/products/product-catalog/view/verify-numerical-ability/","Verify - Numerical Ability","Verify - Numerical Ability: The next-generation Verify Numerical Ability Test provides a replacement for the existing Numerical Reasoning test in our Verify range of ability tests and the…","A"
"https://www.shl.com/products/product-catalog/view/biochemistry-new/","Biochemistry (New)","Biochemistry (New): Multi-choice test that measures the knowledge of various bio-molecules like amino acids, proteins, enzymes, carbohydrates, vitamins and nucleic acids, and…","K"
"https://www.shl.com/products/product-catalog/view/power-electronics-and-drives-new/","Power Electronics and Drives (New)","Power Electronics and Drives (New): Multi-choice test that measures the knowledge of power semiconductor devices, power electronic converters, drives and control systems.","K"
"https://www.shl.com/products/product-catalog/view/sap-basis-new/","SAP Basis (New)","SAP Basis (New): Multi-choice test that measures the knowledge of SAP architecture, database administration, background processing, user administration, client administration…","K"
"https://www.shl.com/products/product-catalog/view/expressjs-new/","ExpressJS (New)","ExpressJS (New): Multi-choice test that measures the knowledge of routing, error handling, security, middleware and performance & reliability in ExpressJS.","A,K"
"https://www.shl.com/products/product-catalog/view/opq-user-and-managers-report/","OPQ User and Managers Report","OPQ User and Managers Report: This OPQ (Occupational Personality Questionnaire) report consists of two reports. The User Report includes a Profile Chart and narrative text, focusing on an…","P"
"https://www.shl.com/products/product-catalog/view/social-media-new/","Social Media (New)","Social Media (New): Multi-choice test that measures the knowledge about the different social media platforms.","K"
"https://www.shl.com/products/product-catalog/view/git-new/","GIT (New)","GIT (New): Multi-choice test that measures the knowledge of how to use GIT for version control.","K"
"https://www.shl.com/products/product-catalog/view/zabbix-new/","Zabbix (New)","Zabbix (New): Multi-choice test that measures the knowledge of Zabbix architecture, data handling, monitoring and administration.","K"
"https://www.shl.com/products/product-catalog/view/cisco-appdynamics-new/","Cisco AppDynamics (New)","Cisco AppDynamics (New): Multi-choice test that measures the knowledge of application analytics, performance management, and AppDynamics essentials like controller UI, custom…","C,K"
"https://www.shl.com/products/product-catalog/view/economics-new/","Economics (New)","Economics (New): Multi-choice test that measures the conceptual knowledge of microeconomics, macroeconomics and international trade.","K"
"https://www.shl.com/products/product-catalog/view/android-development-new/","Android Development (New)","Android Development (New): Multi-choice test that measures the knowledge of UI components for an Android device, services and alerts, animation and media apps, application components…","D,K"
"https://www.shl.com/products/product-catalog/view/cloud-computing-new/","Cloud Computing (New)","Cloud Computing (New): Multi-choice test that measures the knowledge of cloud computing concepts, cloud service models, virtualization and private clouds.","K"
"https://www.shl.com/products/product-catalog/view/oracle-weblogic-server-new/","Oracle WebLogic Server (New)","Oracle WebLogic Server (New): Multi-choice test that measures the knowledge of the concepts of WebLogic such as server installation, administration, node, logs manager, security and…","K"
"https://www.shl.com/products/product-catalog/view/dojo-new/","Dojo (New)","Dojo (New): Multi-choice test that measures the knowledge of Dojo architecture, classes and libraries, styles, animation and Dojo queries.","K"
"https://www.shl.com/products/product-catalog/view/verify-interactive-g-candidate-report/","Verify Interactive G+ Candidate Report","Verify Interactive G+ Candidate Report: Verify Interactive G+ Candidate Report","A"
"https://www.shl.com/products/product-catalog/view/polymer-engineering-new/","Polymer Engineering (New)","Polymer Engineering (New): Multi-choice test that measures the knowledge of characterization of polymers, processing, synthesis, testing and applications in daily life.","K"
"https://www.shl.com/products/product-catalog/view/microsoft-outlook-2013-adaptive/","Microsoft Outlook 2013 (adaptive)","Microsoft Outlook 2013 (adaptive): The Microsoft Outlook 2013 (adaptive) test measures knowledge of Microsoft Outlook 2013. Designed for professionals, this test includes the following topics…","K"
"https://www.shl.com/products/product-catalog/view/java-design-patterns-new/","Java Design Patterns (New)","Java Design Patterns (New): Multi-choice test that measures the knowledge of the types of design patterns in Java and principles like threads and refactoring used in Java design patterns.","K"
"https://www.shl.com/products/product-catalog/view/microsoft-word-365-essentials-new/","Microsoft Word 365 - Essentials (New)","Microsoft Word 365 - Essentials (New): The Microsoft Word 365 - Essentials simulation evaluates ability to perform certain operations in a simulated environment of Microsoft Word, and includes the…","A"
"https://www.shl.com/products/product-catalog/view/mobility-new/","Mobility (New)","Mobility (New): Multi-choice test that measures the knowledge on topics related to mobility and mobile computing.","K"
"https://www.shl.com/products/product-catalog/view/biztalk-new/","BizTalk (New)","BizTalk (New): Multi-choice test that measures the knowledge of BizTalk architecture, pipelines, adapters, business process techniques and BizTalk administration.","K"
"https://www.shl.com/products/product-catalog/view/typing-new/","Typing (New)","Typing (New): Typing based test that evaluates typing speed and accuracy.","K"
"https://www.shl.com/products/product-catalog/view/verify-g-candidate-report/","Verify G+ - Candidate Report","Verify G+ - Candidate Report: The SHL Verify G+ Ability Candidate Report provides the candidate with feedback on their Numerical, Deductive and Inductive Reasoning results. It does not…","A"
"https://www.shl.com/products/product-catalog/view/svar-spoken-spanish-north-american-new/","SVAR - Spoken Spanish (North American) (New)","SVAR - Spoken Spanish (North American) (New): Test automatizado de español oral que mide la fluidez, la pronunciación, la escucha activa, el vocabulario, la gramática y la comprensión oral del español…","K"
"https://www.shl.com/products/product-catalog/view/kubernetes-new/","Kubernetes (New)","Kubernetes (New): Multi-choice test that measures the knowledge of the architecture, cluster and services of Kubernetes.","K"
"https://www.shl.com/products/product-catalog/view/metallurgical-engineering-new/","Metallurgical Engineering (New)","Metallurgical Engineering (New): Multi-choice test that measures the knowledge of process metallurgy, industrial metallurgy and physical metallurgy.","K"
"https://www.shl.com/products/product-catalog/view/basic-computer-literacy-windows-10-new/","Basic Computer Literacy (Windows 10) (New)","Basic Computer Literacy (Windows 10) (New): The Basic Computer Literacy (Windows 10) simulation measures knowledge of general computer terminology, processes, and applications and the ability to perform…","A,K"
"https://www.shl.com/products/product-catalog/view/automata-front-end/","Automata Front End","Automata Front End: Simulation based test that measures the front-end development capabilities using HTML, CSS, and  JavaScript. The candidate is provided with 3 different…","D,K"
"https://www.shl.com/products/product-catalog/view/apache-hadoop-new/","Apache Hadoop (New)","Apache Hadoop (New): Multi-choice test that measures the knowledge of basic concepts of Hadoop, commands, HDFS and MapReduce.","K"
"https://www.shl.com/products/product-catalog/view/accounts-receivable-simulation-new/","Accounts Receivable Simulation (New)","Accounts Receivable Simulation (New): Simulated data entry test that measures the ability to process receivables and invoices.","A"
"https://www.shl.com/products/product-catalog/view/java-8-new/","Java 8 (New)","Java 8 (New): Multi-choice test that measures the knowledge of Java class design, exceptions, generics, collections, concurrency, JDBC and Java I/O fundamentals.","K"
"https://www.shl.com/products/product-catalog/view/amazon-web-services-aws-development-new/","Amazon Web Services (AWS) Development (New)","Amazon Web Services (AWS) Development (New): Multi-choice test that measures the knowledge of AWS delivery process, monitoring, metrics, logging, security, validation and scalability.","A,D,K"
"https://www.shl.com/products/product-catalog/view/sql-server-integration-services-ssis-new/","SQL Server Integration Services (SSIS) (New)","SQL Server Integration Services (SSIS) (New): Multi-choice test that measures the knowledge of SSIS architecture, components, control flow, data flow, transformation, SQL server tasks, SSIS administration…","K"
"https://www.shl.com/products/product-catalog/view/prism-new/","Prism (New)","Prism (New): Multi-choice test that measures the knowledge of modules, patterns and other basic concepts of using the Prism library.","K"
"https://www.shl.com/products/product-catalog/view/ms-office-basic-computer-literacy-new/","MS Office Basic Computer Literacy (New)","MS Office Basic Computer Literacy (New): Multi-choice test that measures the ability to use MS Word, MS Excel and MS PowerPoint to perform basic tasks on a computer.","A,K"
"https://www.shl.com/products/product-catalog/view/salesforce-development-new/","Salesforce Development (New)","Salesforce Development (New): Multi-choice test that measures the knowledge of Salesforce platform, design and data models, business logic, data management and analytics.","C,D,K"
"https://www.shl.com/products/product-catalog/view/mulesoft-development-new/","MuleSoft Development (New)","MuleSoft Development (New): Multi-choice test that measures the knowledge of MuleSoft basic concepts, APIs and web services, Mule flow and scope, connectors and deployment.","D,K"
"https://www.shl.com/products/product-catalog/view/contact-center-call-simulation-new/","Contact Center Call Simulation (New)","Contact Center Call Simulation (New): Simulation based test that measures the ability to handle customer concerns over a call by referring to standard process documents. It also measures typing and…","A"
"https://www.shl.com/products/product-catalog/view/manual-testing-new/","Manual Testing (New)","Manual Testing (New): Multi-choice test that measures the knowledge of the software testing life cycle, testing tools and techniques, design of test cases and generation of test…","K"
"https://www.shl.com/products/product-catalog/view/sql-server-reporting-services-ssrs-new/","SQL Server Reporting Services (SSRS) (New)","SQL Server Reporting Services (SSRS) (New): Multi-choice test that measures the knowledge of SSRS architecture, report creation, formatting, calculations, creating matrix reports and charts, grouping…","K"
"https://www.shl.com/products/product-catalog/view/docker-new/","Docker (New)","Docker (New): Multi-choice test that measures the knowledge of Docker container, data management, Docker performance and swarm.","C,K"
"https://www.shl.com/products/product-catalog/view/project-management-2013/","Project Management (2013)","Project Management (2013): The Project Management (2013) test measures knowledge of how to manage projects to ensure that objectives are completed on time and within budget. The test is…","C,K"
"https://www.shl.com/products/product-catalog/view/opq-emotional-intelligence-report/","OPQ Emotional Intelligence Report","OPQ Emotional Intelligence Report: This OPQ (Occupational Personality Questionnaire) report explores how a person manages feelings and relationships with other people.  It is intended for use in…","P"
"https://www.shl.com/products/product-catalog/view/enterprise-java-beans-new/","Enterprise Java Beans (New)","Enterprise Java Beans (New): Multi-choice test that measures the knowledge of enterprise Java beans (EJB), types of EJB, transactions and concurrency.","K"
"https://www.shl.com/products/product-catalog/view/sap-business-objects-webi-new/","SAP Business Objects WebI (New)","SAP Business Objects WebI (New): Multi-choice test that measures the knowledge of SAP interactive analysis, reporting, formatting and scheduling documents.","K"
"https://www.shl.com/products/product-catalog/view/sap-sd-sales-and-distribution-new/","SAP SD (Sales and Distribution) (New)","SAP SD (Sales and Distribution) (New): Multi-choice test that measures the knowledge of ERP basics, SAP architecture, sales, distribution, master data, documents, basic functions in S&D, billing…","K"
"https://www.shl.com/products/product-catalog/view/data-entry-new/","Data Entry (New)","Data Entry (New): Simulated data entry test that measures the ability to accurately transcribe data from pre-filled forms and the ability to verify pre-filled data.","A"
"https://www.shl.com/products/product-catalog/view/microsoft-sql-server-2014-programming/","Microsoft SQL Server 2014 Programming","Microsoft SQL Server 2014 Programming: The Microsoft SQL Server 2014 Programming test measures knowledge of Microsoft Structure Query Language (SQL) Server 2014 Programming. Designed for experienced…","K"
"https://www.shl.com/products/product-catalog/view/java-platform-enterprise-edition-7-java-ee-7/","Java Platform Enterprise Edition 7 (Java EE 7)","Java Platform Enterprise Edition 7 (Java EE 7): The Java Platform Enterprise Edition 7 (Java EE 7) test measures knowledge of the Java EE 7 architecture. Designed for Java programmers and architects, this…","K"
"https://www.shl.com/products/product-catalog/view/pharmaceutics-new/","Pharmaceutics (New)","Pharmaceutics (New): Multi-choice test that measures the knowledge of pharmaceutical engineering and technology for drug manufacture, biopharmaceutics, modern pharmaceutics and…","K"
"https://www.shl.com/products/product-catalog/view/pediatrics-new/","Pediatrics (New)","Pediatrics (New): Multi-choice test that measures the basic knowledge of pediatric diseases, their symptoms and the medicines administered to cure or prevent them.","K"
"https://www.shl.com/products/product-catalog/view/ado-net-new/","ADO.NET (New)","ADO.NET (New): Multi-choice test that measures the knowledge on the concepts of ADO.NET architecture, components and data provider objects.","K"
"https://www.shl.com/products/product-catalog/view/apache-hive-new/","Apache Hive (New)","Apache Hive (New): Multi-choice test that measures the knowledge of Hive architecture, datatypes, built-in functions, configurations, partitioning, bucketing and commands of Hive…","K"
"https://www.shl.com/products/product-catalog/view/sql-server-new/","SQL Server (New)","SQL Server (New): Multi-choice test that measures the knowledge of basic SQL queries, creating and altering tables, filtering, grouping, aggregation in SQL and querying multiple…","K"
"https://www.shl.com/products/product-catalog/view/opq-profile-report/","OPQ Profile Report","OPQ Profile Report: This is a graphical profile charts presenting results across the 32 OPQ scales. It is designed to be interpreted by OPQ trained users only.  Please note this…","P"
"https://www.shl.com/products/product-catalog/view/sales-and-service-phone-simulation/","Sales & Service Phone Simulation","Sales & Service Phone Simulation : As part of Contact Center Simulations, the Sales & Service Phone Simulation is designed for contact center roles that involve sales or sales-related behaviors…","P"
"https://www.shl.com/products/product-catalog/view/ms-word-new/","MS Word (New)","MS Word (New): Multi-choice test that measures the ability to use MS Word to record and save textual information.","A,K"
"https://www.shl.com/products/product-catalog/view/shl-verify-interactive-numerical-calculation/","SHL Verify Interactive Numerical Calculation","SHL Verify Interactive Numerical Calculation: The Verify Interactive Numerical Calculation test measures a candidate’s ability to work with numbers and use appropriate mathematics in different situations…","A"
"https://www.shl.com/products/product-catalog/view/net-xaml-new/",".NET XAML (New)",".NET XAML (New): Multi-choice test that measures the knowledge of XAML triggers, data binding, custom controls and layouts.","K"
"https://www.shl.com/products/product-catalog/view/shell-scripting-new/","Shell Scripting (New)","Shell Scripting (New): Multi-choice test that measures the knowledge of Shell scripting to perform operations such as file manipulation, program execution and printing text.","K"
"https://www.shl.com/products/product-catalog/view/hibernate-new/","Hibernate (New)","Hibernate (New): Multi-choice test that measures the knowledge of Hibernate architecture, Hibernate mapping and Hibernate query language(HQL).","K"
"https://www.shl.com/products/product-catalog/view/molecular-biology-new/","Molecular Biology (New)","Molecular Biology (New): Multi-choice test that measures the knowledge of molecular genetics, transgenics, rDNA technology, chromosomal genetics, transformation and related processes.","K"
"https://www.shl.com/products/product-catalog/view/net-wpf-new/",".NET WPF (New)",".NET WPF (New): Multi-choice test that measures the knowledge of .NET basics, WPF, XAML controls, events, layouts, working with WPF windows/menus and deploying WPF…","K"
"https://www.shl.com/products/product-catalog/view/perl-new/","Perl (New)","Perl (New): Multi-choice test that measures the knowledge of Perl scripting used for text manipulation, web development, system administration, etc.","D,K"
"https://www.shl.com/products/product-catalog/view/electronics-and-embedded-systems-engineering-new/","Electronics and Embedded Systems Engineering (New)","Electronics and Embedded Systems Engineering (New): Multi-choice test that measures the candidate’s knowledge and understanding on concepts like embedded systems and, analog and digital electronics.","K"
"https://www.shl.com/products/product-catalog/view/ruby-new/","Ruby (New)","Ruby (New): Multi-choice test that measures the knowledge of Ruby strings, collection classes, regular expressions, methods, object oriented programming, exception…","K"
"https://www.shl.com/products/product-catalog/view/microsoft-powerpoint-365-essentials-new/","Microsoft PowerPoint 365 - Essentials (New)","Microsoft PowerPoint 365 - Essentials (New): The Microsoft PowerPoint 365 - Essentials simulation evaluates ability to perform certain operations in a simulated environment of Microsoft PowerPoint, and…","A"
"https://www.shl.com/products/product-catalog/view/opq-team-impact-selection-report/","OPQ Team Impact Selection Report","OPQ Team Impact Selection Report: These reports are based on the SHL Team Impact Model, which is focused on actual team processes.  They are supported by clear and easy to understand graphics…","P"
"https://www.shl.com/products/product-catalog/view/ms-excel-new/","MS Excel (New)","MS Excel (New): Multi-choice test that measures the ability to use MS Excel to maintain, organize, analyze and present numeric data.","A,K"
"https://www.shl.com/products/product-catalog/view/linux-operating-system/","Linux Operating System","Linux Operating System : Multi-choice test that measures the knowledge of Linux system, command line, filesystem, memory management, and process management.","C,K"
"https://www.shl.com/products/product-catalog/view/written-spanish/","Written Spanish","Written Spanish: This test measures knowledge of Spanish grammar and Spanish reading comprehension skills. Designed primarily for individuals where Spanish is their second…","K"
"https://www.shl.com/products/product-catalog/view/agile-testing-new/","Agile Testing (New)","Agile Testing (New): Multi-choice test that measures the knowledge of tools, techniques and processes involved in the Agile testing methodology.","K"
"https://www.shl.com/products/product-catalog/view/housekeeping-new/","Housekeeping (New)","Housekeeping (New): Multi-choice test that measures the knowledge of housekeeping activities such as cleaning, laundry, room maintenance and routine checks.","K"
"https://www.shl.com/products/product-catalog/view/angularjs-new/","AngularJS (New)","AngularJS (New): Multi-choice test that measures the knowledge of AngularJS architecture, forms, directives, filters, controllers, routing and testing.","K"
"https://www.shl.com/products/product-catalog/view/net-wcf-new/",".NET WCF (New)",".NET WCF (New): Multi-choice test that measures the knowledge of .NET fundamentals, WCF architecture, programming model, SOA, managing and programming WCF.","K"
"https://www.shl.com/products/product-catalog/view/fundamentals-of-physics-new/","Fundamentals of Physics (New)","Fundamentals of Physics (New): Multi-choice test that measures the knowledge of classical mechanics, Newton's laws of motion, electromagnetism, EM waves, thermodynamics and modern physics.","K"
"https://www.shl.com/products/product-catalog/view/shl-verify-interactive-numerical-reasoning/","SHL Verify Interactive – Numerical Reasoning","SHL Verify Interactive – Numerical Reasoning: Assesses how the candidate comprehends numerical information in various formats.","A"
"https://www.shl.com/products/product-catalog/view/html5-new/","HTML5 (New)","HTML5 (New): Multi-choice test that measures the knowledge of HTML5 and its application in creating a user interface.","K"
"https://www.shl.com/products/product-catalog/view/nursing-new/","Nursing (New)","Nursing (New): Multi-choice test that measures the knowledge of carrying out various nursing tasks.","K"
"https://www.shl.com/products/product-catalog/view/opq-team-types-and-leadership-styles-profile/","OPQ Team Types & Leadership Styles Profile","OPQ Team Types & Leadership Styles Profile: This OPQ (Occupational Personality Questionnaire) report is based on Belbin's team types and Bass's leadership and reporting styles.  Belbins team types…","C,P"
"https://www.shl.com/products/product-catalog/view/interpersonal-communications/","Interpersonal Communications","Interpersonal Communications: This adaptive test measures the candidate's knowledge of how to employ effective verbal and non-verbal communication to send his or her message and manage…","A"
"https://www.shl.com/products/product-catalog/view/vb-net-new/","VB.NET (New)","VB.NET (New): Multi-choice test that measures the knowledge on the concepts of VB.NET assemblies, OOPs concepts, ADO.NET, multithreading, exception handling and GUI.","K"
"https://www.shl.com/products/product-catalog/view/ms-office-basic-computer-literacy-sim-new/","MS Office Basic Computer Literacy (Sim) (New)","MS Office Basic Computer Literacy (Sim) (New): Simulation based test that measures the ability to use basic computer operations, browser navigation, MS office and email.","A"
"https://www.shl.com/products/product-catalog/view/sap-abap-advanced-level-new/","SAP ABAP (Advanced Level) (New)","SAP ABAP (Advanced Level) (New): Multi-choice test that measures the knowledge of SAP ABAP dictionary, dialog programming, reports, enhancements, workflows, optimizations and advanced ABAP…","K"
"https://www.shl.com/products/product-catalog/view/htmlcss-new/","HTML/CSS (New)","HTML/CSS (New): Multi-choice test that measures the knowledge of HTML to create a user interface and CSS to stylize it.","K"
"https://www.shl.com/products/product-catalog/view/oracle-plsql-new/","Oracle PL/SQL (New)","Oracle PL/SQL (New): Multi-choice test that measures the knowledge of SQL queries, relational database concepts and specific Oracle PL/SQL features.","K"
"https://www.shl.com/products/product-catalog/view/javascript-new/","JavaScript (New)","JavaScript (New): Multi-choice test that measures knowledge of programming in the JavaScript language and its application in front-end development.","D,K"
"https://www.shl.com/products/product-catalog/view/programming-concepts/","Programming Concepts","Programming Concepts: The Programming Concepts test measures knowledge of the core aspects of computer science programming that is valid across programming languages. Designed for…","K"
"https://www.shl.com/products/product-catalog/view/sql-server-analysis-services-%28ssas%29-%28new%29/","SQL Server Analysis Services (SSAS) (New)","SQL Server Analysis Services (SSAS) (New): Multi-choice test that measures the knowledge of SSAS database, querying multidimensional analysis solutions, cube hierarchies, measures, dimensions, power BI…","K"
"https://www.shl.com/products/product-catalog/view/microsoft-word-365-new/","Microsoft Word 365 (New)","Microsoft Word 365 (New): The Microsoft Word 365 simulation evaluates ability to perform certain operations in a simulated environment of Microsoft Word, and includes the following…","A"
"https://www.shl.com/products/product-catalog/view/aerospace-engineering-new/","Aerospace Engineering (New)","Aerospace Engineering (New): Multi-choice test that measures the conceptual knowledge of aerodynamics, aircraft systems and instrumentation, flight dynamics, space dynamics and avionics.","K"
"https://www.shl.com/products/product-catalog/view/restful-web-services-new/","RESTful Web Services (New)","RESTful Web Services (New): Multi-choice test that measures the knowledge of REST features, architecture, handling requests, producing responses, entity translation, working with return…","K"
"https://www.shl.com/products/product-catalog/view/c-programming-new-4122/","C++ Programming (New)","C++ Programming (New): Multi-choice test that measures the knowledge of programming in the C++ language and the ability to use the C++ standard library to write code.","K"
"https://www.shl.com/products/product-catalog/view/electronics-and-semiconductor-engineering-new/","Electronics and Semiconductor Engineering (New)","Electronics and Semiconductor Engineering (New): Multi-choice test that measures the knowledge of semiconductors, two terminal and three terminal devices, analog electronics, digital electronics and basics of…","K"
"https://www.shl.com/products/product-catalog/view/electrical-and-electronics-engineering-new/","Electrical and Electronics Engineering (New)","Electrical and Electronics Engineering (New): Multi-choice test that measures the candidate’s knowledge and understanding on fundamentals of electrical engineering, instrumentation and control system and…","K"
"https://www.shl.com/products/product-catalog/view/adobe-photoshop-cc/","Adobe Photoshop CC","Adobe Photoshop CC: The Adobe Photoshop CC test measures knowledge of Adobe Photoshop CC. Designed for experienced users, this test covers the following topics: 3D, Color, File…","K"
"https://www.shl.com/products/product-catalog/view/hipaa-security/","HIPAA (Security)","HIPAA (Security): The HIPAA (Security) test measures knowledge of compliance with the standards required by the Security and Electronic Signature Standards as they apply to…","K"
"https://www.shl.com/products/product-catalog/view/ios-development-new/","iOS Development (New)","iOS Development (New): Multi-choice test that measures the knowledge of Objective C, NSObject, iOS fundamentals and UI design on iOS phones.","D,K"
"https://www.shl.com/products/product-catalog/view/maven-new/","Maven (New)","Maven (New): Multi-choice test that measures the knowledge of Maven installation, dependencies, Project Object Model (POM), builds and plugins.","K"
"https://www.shl.com/products/product-catalog/view/c-programming-new/","C Programming (New)","C Programming (New): Multi-choice test that measures the knowledge of C programming basics, functions, arrays, composed data types, and advanced C concepts like SLF, file handling…","K"
"https://www.shl.com/products/product-catalog/view/spring-new/","Spring (New)","Spring (New): Multi-choice test that measures the knowledge of Spring core, AOP, IOC container and transactions.","K"
"https://www.shl.com/products/product-catalog/view/fire-engineering-new/","Fire Engineering (New)","Fire Engineering (New): Multi-choice test that measures the knowledge of fire engineering principles, basic workplace safety and safety management.","C,K"
"https://www.shl.com/products/product-catalog/view/shl-verify-interactive-deductive-reasoning/","SHL Verify Interactive – Deductive Reasoning","SHL Verify Interactive – Deductive Reasoning: Measures the ability to draw logical conclusions based on information provided, identify strengths and weaknesses of arguments, and complete scenarios using…","A"
"https://www.shl.com/products/product-catalog/view/java-web-services-new/","Java Web Services (New)","Java Web Services (New): Multi-choice test that measures the knowledge of basic Java constructs, OOP concepts, file handling, exception handling, threads, generics and inner class.","K"
"https://www.shl.com/products/product-catalog/view/spelling-u-s-new/","Spelling (U.S.) (New)","Spelling (U.S.) (New): Multi-choice test that measures the knowledge of correct spellings in English and the ability to identify spelling errors in sentences.","A,K"
"https://www.shl.com/products/product-catalog/view/mechatronics-engineering-new/","Mechatronics Engineering (New)","Mechatronics Engineering (New): Multi-choice test that measures the knowledge related to basic mechatronics systems, components, sensors, feedback devices, control elements, actuators…","K"
"https://www.shl.com/products/product-catalog/view/asp-net-with-c-new/","ASP .NET with C# (New)","ASP .NET with C# (New): Multi-choice test that measures the knowledge of .NET framework and controls, C# fundamentals, OOPs concepts and advanced topics such as data access…","K"
"https://www.shl.com/products/product-catalog/view/writex-email-writing-sales-new/","WriteX - Email Writing (Sales) (New)","WriteX - Email Writing (Sales) (New): Open response test that evaluates the ability to write proper emails in English. The test provides scores on content, grammar and email etiquette.     Your use…","A"
"https://www.shl.com/products/product-catalog/view/geoscience-engineering-new/","Geoscience Engineering (New)","Geoscience Engineering (New): Multi-choice test that measures the knowledge of exploration geology, soil mechanics, rock mechanics, geophysical investigation, geological surveying.","E,K"
"https://www.shl.com/products/product-catalog/view/time-management-u-s/","Time Management (U.S.)","Time Management (U.S.): This is an adaptive test that measures the candidate's knowledge of how to use time wisely in the workplace. It is designed for the average business worker and…","C,K"
"https://www.shl.com/products/product-catalog/view/data-science-new/","Data Science (New)","Data Science (New): Multi-choice test that measures the conceptual knowledge on how to use machine learning to analyze data, extract information, draw conclusions and make…","K"
"https://www.shl.com/products/product-catalog/view/automation-anywhere-rpa-development-new/","Automation Anywhere RPA Development (New)","Automation Anywhere RPA Development (New): Multi-choice test that measures the knowledge of Automation Anywhere dash board and task editor, control room, key commands, bots and Automation Anywhere…","D,K"
"https://www.shl.com/products/product-catalog/view/food-and-beverage-services-new/","Food and Beverage Services (New)","Food and Beverage Services (New): Multi-choice test that measures the knowledge of meal planning, service preparation, types of service equipment, and types of beverages.","K"
"https://www.shl.com/products/product-catalog/view/dermatology-new/","Dermatology (New)","Dermatology (New): Multi-choice test that measures the knowledge of various diseases related to skin, their symptoms, the drugs used to treat them, and different terminologies…","K"
"https://www.shl.com/products/product-catalog/view/drupal-new/","Drupal (New)","Drupal (New): Multi-choice test that measures the knowledge of Drupal setup, content management, user interface, module development and security.","C,D,K"
"https://www.shl.com/products/product-catalog/view/svar-spoken-english-us-new/","SVAR - Spoken English (US)  (New)","SVAR - Spoken English (US)  (New): An automated spoken English test that measures fluency, pronunciation, active listening, vocabulary, grammar and spoken English understanding.     Your use of…","K"
"https://www.shl.com/products/product-catalog/view/basic-statistics-new/","Basic Statistics (New)","Basic Statistics (New): Multi-choice test that measures the knowledge of statistical methods, exploratory analysis, basics of probability, standard distributions and statistical…","A,K"
"https://www.shl.com/products/product-catalog/view/svar-spoken-french-canadian-new/","SVAR - Spoken French (Canadian) (New)","SVAR - Spoken French (Canadian) (New): Test automatisé de français parlé qui évalue l'aisance, la prononciation, l'écoute active, le vocabulaire, la grammaire, et la compréhension du français parl…","K"
"https://www.shl.com/products/product-catalog/view/automata-sql-new/","Automata - SQL (New)","Automata - SQL (New): A simulated query writing test that measures the ability to write SQL queries to perform DDL, DML and DCL tasks.","K"
"https://www.shl.com/products/product-catalog/view/sap-hybris-new/","SAP Hybris (New)","SAP Hybris (New): Multi-choice test that measures the knowledge of Hybris extensions, its architecture, configuration, data modelling and management, service layer programming…","C,K"
"https://www.shl.com/products/product-catalog/view/verify-interactive-ability-report/","Verify Interactive Ability Report","Verify Interactive Ability Report: Verify Interactive Ability Report","A"
"https://www.shl.com/products/product-catalog/view/aeronautical-engineering-new/","Aeronautical Engineering (New)","Aeronautical Engineering (New): Multi-choice test that measures the knowledge of flight mechanics, space dynamics, aerodynamics, structures and propulsion.","K"
"https://www.shl.com/products/product-catalog/view/apache-spark-new/","Apache Spark (New)","Apache Spark (New): Multi-choice test that measures the knowledge of Apache Spark principles, RDD operations - actions and transformations, lineage graphs and lazy evaluation.","K"
"https://www.shl.com/products/product-catalog/view/java-frameworks-new/","Java Frameworks (New)","Java Frameworks (New): Multi-choice test that measures the knowledge of different Java frameworks - Struts, Hibernate and Spring.","K"
"https://www.shl.com/products/product-catalog/view/chemical-engineering-new/","Chemical Engineering (New)","Chemical Engineering (New): Multi-choice test that measures the conceptual knowledge of transport phenomena, chemical process engineering and technology, chemical process principles…","K"
"https://www.shl.com/products/product-catalog/view/geoinformatics-engineering-new/","Geoinformatics Engineering (New)","Geoinformatics Engineering (New): Multi-choice test that measures the knowledge of remote sensing, digital image processing, digital photogrammetry, planning and surveying, geology, GIS and…","E,K"
"https://www.shl.com/products/product-catalog/view/conversational-multichat-simulation/","Conversational Multichat Simulation","Conversational Multichat Simulation : This is a simulation-based test that measures the ability to handle customer concerns over multiple chats by referring to standard process documents. It…","A"
"https://www.shl.com/products/product-catalog/view/microsoft-excel-365-new/","Microsoft Excel 365 (New)","Microsoft Excel 365 (New): The Microsoft Excel 365 simulation evaluates ability to perform certain operations in a simulated environment of MS Excel, and includes the following topics…","A"
"https://www.shl.com/products/product-catalog/view/production-engineering-new/","Production Engineering (New)","Production Engineering (New): Multi-choice test that measures the knowledge of production technology and analysis, metal cutting, tool design, material science and CIM.","K"
"https://www.shl.com/products/product-catalog/view/financial-and-banking-services-new/","Financial and Banking Services (New)","Financial and Banking Services (New): Multi-choice test that measures the knowledge of investment products, banking products, taxation and principles of Macroeconomics.","K"
"https://www.shl.com/products/product-catalog/view/operations-management-new/","Operations Management (New)","Operations Management (New): Multi-choice test that measures the knowledge of planning, product design and development, quality management and supply chain management.","C,D,K"
"https://www.shl.com/products/product-catalog/view/cardiology-and-diabetes-management-new/","Cardiology and Diabetes Management (New)","Cardiology and Diabetes Management (New): Multi-choice test that measures the knowledge of how to control and manage cardiovascular diseases and diabetes, and understanding of the diagnostic tests used…","C,K"
"https://www.shl.com/products/product-catalog/view/ms-access-new/","MS Access (New)","MS Access (New): Multi-choice test that measures the knowledge and basic understanding of MS Access programming.","K"
"https://www.shl.com/products/product-catalog/view/electrical-engineering-new/","Electrical Engineering (New)","Electrical Engineering (New): Multi-choice test that measures the knowledge of basic electrical engineering, electrical machines, power systems, instrumentation, control systems and basic…","K"
"https://www.shl.com/products/product-catalog/view/organic-chemistry-new/","Organic Chemistry (New)","Organic Chemistry (New): Multi-choice test that measures the knowledge of the basic concepts in organic chemistry.","K"
"https://www.shl.com/products/product-catalog/view/agile-software-development/","Agile Software Development","Agile Software Development: Multi-choice test that measures the knowledge of agile methodology, scrum, feature driven software development, incremental and iterative development and…","D,K"
"https://www.shl.com/products/product-catalog/view/opq-maximising-your-learning-report/","OPQ Maximising your Learning Report","OPQ Maximising your Learning Report: This OPQ (Occupational Personality Questionnaire) report is designed to help people get the most from their development.  It summarises the preferred approach…","D,P"
"https://www.shl.com/products/product-catalog/view/automotive-engineering-new/","Automotive Engineering (New)","Automotive Engineering (New): Multi-choice test that measures the knowledge of auto engine classification, engine fuel system, auto-vehicle technology, maintenance, inspection and…","K"
"https://www.shl.com/products/product-catalog/view/verify-g-ability-test-report/","Verify G+ - Ability Test Report","Verify G+ - Ability Test Report: The SHL Verify G+ Ability Test Report provides the candidate's overall General Ability score alongside scores on Numerical, Deductive and Inductive Reasoning…","A"
"https://www.shl.com/products/product-catalog/view/verify-inductive-reasoning-2014/","Verify - Inductive Reasoning (2014)","Verify - Inductive Reasoning (2014): Inductive Reasoning is a test used for job candidates applying to jobs at all levels that require logical reasoning ability. Sample tasks for jobs that may…","A"
"https://www.shl.com/products/product-catalog/view/informatica-architecture-new/","Informatica (Architecture) (New)","Informatica (Architecture) (New): Multi-choice test that measures the knowledge of data warehousing, server architecture and administration, and real time implementation with Informatica.","K"
"https://www.shl.com/products/product-catalog/view/svar-spoken-english-u-k/","SVAR - Spoken English (U.K.)","SVAR - Spoken English (U.K.): An automated spoken English test that measures fluency, pronunciation, active listening, vocabulary, grammar and spoken English understanding.     Your use of…","K"
"https://www.shl.com/products/product-catalog/view/mineral-engineering-new/","Mineral Engineering (New)","Mineral Engineering (New): Multi-choice test that measures the knowledge of comminution and classification, physical separation process, particle technology, metallurgical…","K"
"https://www.shl.com/products/product-catalog/view/unix-new/","UNIX (New)","UNIX (New): Multi-choice test that measures the knowledge on the concepts of UNIX commands, file system, file handling, regular expression, awk programming and shell…","K"
"https://www.shl.com/products/product-catalog/view/opq-user-report/","OPQ User Report","OPQ User Report: This OPQ (Occupational Personality Questionnaire) report includes a Profile Chart and narrative text, focusing on an individuals likely way of behaving at…","P"
"https://www.shl.com/products/product-catalog/view/ceramic-engineering-new/","Ceramic Engineering (New)","Ceramic Engineering (New): Multi-choice test that measures the knowledge of classification of ceramic materials, production of ceramics and thermodynamics.","K"
"https://www.shl.com/products/product-catalog/view/paint-technology-new/","Paint Technology (New)","Paint Technology (New): Multi-choice test that measures the knowledge of paint raw materials and precursors, manufacture of different types of coatings, surface treatment and coating…","K"
"https://www.shl.com/products/product-catalog/view/automata-pro-new/","Automata Pro (New)","Automata Pro (New): An AI-powered coding simulation assessment that evaluates candidate’s programming ability. Offers a familiar IDE environment available in over 40 different…","K"
"https://www.shl.com/products/product-catalog/view/accounts-payable-new/","Accounts Payable (New)","Accounts Payable (New): Multiple-choice test that measures the knowledge of processing payables and vendor invoices, and the posting of journal entries.","K"
"https://www.shl.com/products/product-catalog/view/networking-and-implementation-new/","Networking and Implementation (New)","Networking and Implementation (New): Multi-choice test that measures the knowledge of networking devices, protocols, reference models, routing and implementation of networks.","K"
